{
    "position": 84,
    "name": "american_truck_simulator",
    "genre_list": [
        "Automobile Sim",
        "Driving",
        "Open World",
        "Transportation"
    ],
    "publisher": "SCS Software",
    "developer": "SCS Software",
    "prices": [
        "$19.99",
        "$0"
    ],
    "discount_percent": "0%",
    "weekly_positions": {
        "2024-2-13": 74,
        "2024-2-20": 83,
        "2024-2-27": 40,
        "2024-3-12": 60,
        "2024-3-19": 65,
        "2024-3-26": 68,
        "2024-3-5": 86,
        "2024-4-2": 77,
        "2024-4-9": 44
    },
    "normal_price": "$19.99",
    "discount_price": "$0"
}