{
    "position": 8,
    "name": "apex_legends",
    "genre_list": [
        "Free to Play",
        "Battle Royale",
        "Multiplayer",
        "FPS"
    ],
    "publisher": "Electronic Arts",
    "developer": "Respawn",
    "prices": [
        "$0",
        "$0"
    ],
    "discount_percent": "0%",
    "weekly_positions": {
        "2024-2-13": 4,
        "2024-2-20": 8,
        "2024-2-27": 15,
        "2024-3-12": 23,
        "2024-3-19": 8,
        "2024-3-26": 5,
        "2024-3-5": 6,
        "2024-4-16": 21,
        "2024-4-2": 11,
        "2024-4-9": 11
    },
    "normal_price": "$0",
    "discount_price": "$0"
}