{
    "position": 173,
    "name": "ark_bobs_tall_tales",
    "genre_list": [
        "Survival",
        "Adventure",
        "Open World",
        "Action"
    ],
    "publisher": "Studio Wildcard",
    "developer": "Studio Wildcard",
    "prices": [
        "$29.99",
        "$0"
    ],
    "discount_percent": "0%",
    "weekly_positions": {
        "2024-3-26": 43,
        "2024-4-2": 24,
        "2024-4-9": 63
    },
    "normal_price": "$29.99",
    "discount_price": "$0"
}