{
    "position": 72,
    "name": "ark_survival_ascended",
    "genre_list": [
        "Early Access",
        "Survival",
        "Open World",
        "Dinosaurs"
    ],
    "publisher": "Studio Wildcard",
    "developer": "Studio Wildcard",
    "prices": [
        "$44.99",
        "$0"
    ],
    "discount_percent": "0%",
    "weekly_positions": {
        "2024-2-27": 49,
        "2024-3-12": 97,
        "2024-3-26": 29,
        "2024-4-16": 54,
        "2024-4-2": 12,
        "2024-4-9": 30
    },
    "normal_price": "$44.99",
    "discount_price": "$0"
}