{
    "position": 722,
    "name": "assassins_creed_syndicate",
    "genre_list": [
        "Assassin",
        "Open World",
        "Action",
        "Stealth"
    ],
    "publisher": "Ubisoft",
    "developer": "Ubisoft Quebec, in collaboration with Ubisoft Annecy, Bucharest, Kiev, Montreal, Montpellier, Shanghai, Singapore, Sofia, Toronto studios",
    "prices": [
        "$29.99",
        "$7.49"
    ],
    "discount_percent": "75%",
    "weekly_positions": {},
    "normal_price": "$29.99",
    "discount_price": "$7.49"
}