{
    "position": 42,
    "name": "balatro",
    "genre_list": [
        "Roguelike Deckbuilder",
        "Card Game",
        "Roguelike",
        "Deckbuilding"
    ],
    "publisher": "Playstack",
    "developer": "LocalThunk",
    "prices": [
        "$14.99",
        "$13.49"
    ],
    "discount_percent": "10%",
    "weekly_positions": {
        "2024-2-20": 7,
        "2024-2-27": 10,
        "2024-3-12": 25,
        "2024-3-19": 33,
        "2024-3-26": 22,
        "2024-3-5": 16,
        "2024-4-16": 57,
        "2024-4-2": 38,
        "2024-4-9": 40
    },
    "normal_price": "$14.99",
    "discount_price": "$13.49"
}