{
    "position": 9,
    "name": "baldurs_gate_3",
    "genre_list": [
        "RPG",
        "Choices Matter",
        "Character Customization",
        "Story Rich"
    ],
    "publisher": "Larian Studios",
    "developer": "Larian Studios",
    "prices": [
        "$59.99",
        "$0"
    ],
    "discount_percent": "0%",
    "weekly_positions": {
        "2024-2-13": 8,
        "2024-2-20": 11,
        "2024-2-27": 7,
        "2024-3-12": 5,
        "2024-3-19": 6,
        "2024-3-26": 10,
        "2024-3-5": 9,
        "2024-4-16": 17,
        "2024-4-2": 10,
        "2024-4-9": 14
    },
    "normal_price": "$59.99",
    "discount_price": "$0"
}