{
    "position": 373,
    "name": "banishers_ghosts_of_new_eden",
    "genre_list": [
        "Narration",
        "Lore-Rich",
        "Third Person",
        "Emotional"
    ],
    "publisher": "Focus Entertainment",
    "developer": "DON'T NOD",
    "prices": [
        "$49.99",
        "$39.99"
    ],
    "discount_percent": "20%",
    "weekly_positions": {
        "2024-2-13": 38,
        "2024-3-26": 84
    },
    "normal_price": "$49.99",
    "discount_price": "$39.99"
}