{
    "position": 106,
    "name": "battlefield_2042",
    "genre_list": [
        "FPS",
        "Shooter",
        "Military",
        "Multiplayer"
    ],
    "publisher": "Electronic Arts",
    "developer": "DICE",
    "prices": [
        "$59.99",
        "$0"
    ],
    "discount_percent": "0%",
    "weekly_positions": {
        "2024-2-13": 63,
        "2024-3-12": 94,
        "2024-3-19": 29,
        "2024-3-26": 69
    },
    "normal_price": "$59.99",
    "discount_price": "$0"
}