{
    "position": 83,
    "name": "beamngdrive",
    "genre_list": [
        "Simulation",
        "Driving",
        "Realistic",
        "Physics"
    ],
    "publisher": "BeamNG",
    "developer": "BeamNG",
    "prices": [
        "$24.99",
        "$0"
    ],
    "discount_percent": "0%",
    "weekly_positions": {
        "2024-2-13": 95,
        "2024-2-20": 95,
        "2024-2-27": 94,
        "2024-3-12": 75,
        "2024-3-19": 78,
        "2024-3-26": 60,
        "2024-3-5": 89,
        "2024-4-2": 80,
        "2024-4-9": 94
    },
    "normal_price": "$24.99",
    "discount_price": "$0"
}