{
    "position": 21,
    "name": "black_desert",
    "genre_list": [
        "MMORPG",
        "Massively Multiplayer",
        "Open World",
        "RPG"
    ],
    "publisher": "Pearl Abyss",
    "developer": "Pearl Abyss",
    "prices": [
        "$9.99",
        "$0.99"
    ],
    "discount_percent": "90%",
    "weekly_positions": {
        "2024-2-13": 31,
        "2024-2-20": 40,
        "2024-2-27": 20,
        "2024-3-12": 51,
        "2024-3-19": 36,
        "2024-3-26": 40,
        "2024-3-5": 30,
        "2024-4-16": 46,
        "2024-4-2": 28,
        "2024-4-9": 37
    },
    "normal_price": "$9.99",
    "discount_price": "$0.99"
}