{
    "position": 564,
    "name": "bulwark_falconeer_chronicles_the_creative_building_sandbox",
    "genre_list": [
        "City Builder",
        "Strategy",
        "Exploration",
        "Minimalist"
    ],
    "publisher": "Wired Productions",
    "developer": "Tomas Sala",
    "prices": [
        "$19.99",
        "$15.99"
    ],
    "discount_percent": "20%",
    "weekly_positions": {
        "2024-3-26": 90
    },
    "normal_price": "$19.99",
    "discount_price": "$15.99"
}