{
    "position": 71,
    "name": "call_of_duty_modern_warfare_iii",
    "genre_list": [
        "Action",
        "FPS",
        "Shooter",
        "Multiplayer"
    ],
    "publisher": "Activision",
    "developer": "Sledgehammer Games",
    "prices": [
        "$69.99",
        "$0"
    ],
    "discount_percent": "0%",
    "weekly_positions": {
        "2024-3-12": 9,
        "2024-3-19": 16,
        "2024-3-26": 19,
        "2024-4-16": 13,
        "2024-4-2": 18,
        "2024-4-9": 18
    },
    "normal_price": "$69.99",
    "discount_price": "$0"
}