{
    "position": 128,
    "name": "call_of_duty",
    "genre_list": [
        "FPS",
        "Multiplayer",
        "Shooter",
        "Action"
    ],
    "publisher": "Activision",
    "developer": "Sledgehammer Games",
    "prices": [
        "$0",
        "$0"
    ],
    "discount_percent": "0%",
    "weekly_positions": {
        "2024-2-13": 6,
        "2024-2-20": 12,
        "2024-2-27": 6,
        "2024-3-12": 27,
        "2024-3-19": 22,
        "2024-3-26": 23,
        "2024-3-5": 7,
        "2024-4-16": 9,
        "2024-4-2": 4,
        "2024-4-9": 9
    },
    "normal_price": "$0",
    "discount_price": "$0"
}