{
    "position": 1,
    "name": "counterstrike_2",
    "genre_list": [
        "FPS",
        "Shooter",
        "Multiplayer",
        "Competitive"
    ],
    "publisher": "Valve",
    "developer": "Valve",
    "prices": [
        "$0",
        "$0"
    ],
    "discount_percent": "0%",
    "weekly_positions": {
        "2024-2-13": 2,
        "2024-2-20": 4,
        "2024-2-27": 2,
        "2024-3-12": 2,
        "2024-3-19": 3,
        "2024-3-26": 2,
        "2024-3-5": 2,
        "2024-4-16": 2,
        "2024-4-2": 2,
        "2024-4-9": 2
    },
    "normal_price": "$0",
    "discount_price": "$0"
}