{
    "position": 27,
    "name": "crusader_kings_iii",
    "genre_list": [
        "Strategy",
        "Simulation",
        "Medieval",
        "Grand Strategy"
    ],
    "publisher": "",
    "developer": "Paradox Development Studio",
    "prices": [
        "$49.99",
        "$19.99"
    ],
    "discount_percent": "60%",
    "weekly_positions": {
        "2024-2-13": 45,
        "2024-2-20": 68,
        "2024-2-27": 39,
        "2024-3-12": 30,
        "2024-3-19": 40,
        "2024-3-26": 52,
        "2024-3-5": 13,
        "2024-4-2": 71,
        "2024-4-9": 91
    },
    "normal_price": "$49.99",
    "discount_price": "$19.99"
}