{
    "position": 259,
    "name": "cult_of_the_lamb",
    "genre_list": [
        "Base Building",
        "Cute",
        "Action Roguelike",
        "Character Customization"
    ],
    "publisher": "Devolver Digital",
    "developer": "Massive Monster",
    "prices": [
        "$24.99",
        "$0"
    ],
    "discount_percent": "0%",
    "weekly_positions": {
        "2024-2-27": 61,
        "2024-3-12": 89,
        "2024-3-5": 75
    },
    "normal_price": "$24.99",
    "discount_price": "$0"
}