{
    "position": 29,
    "name": "cyberpunk_2077",
    "genre_list": [
        "Cyberpunk",
        "Open World",
        "Nudity",
        "RPG"
    ],
    "publisher": "CD PROJEKT RED",
    "developer": "CD PROJEKT RED",
    "prices": [
        "$59.99",
        "$0"
    ],
    "discount_percent": "0%",
    "weekly_positions": {
        "2024-2-13": 15,
        "2024-2-20": 53,
        "2024-2-27": 47,
        "2024-3-12": 7,
        "2024-3-19": 19,
        "2024-3-26": 11,
        "2024-3-5": 45,
        "2024-4-16": 62,
        "2024-4-2": 16,
        "2024-4-9": 60
    },
    "normal_price": "$59.99",
    "discount_price": "$0"
}