{
    "position": 70,
    "name": "cyberpunk_2077_phantom_liberty",
    "genre_list": [
        "RPG",
        "Sexual Content",
        "Open World",
        "Cyberpunk"
    ],
    "publisher": "CD PROJEKT RED",
    "developer": "CD PROJEKT RED",
    "prices": [
        "$29.99",
        "$0"
    ],
    "discount_percent": "0%",
    "weekly_positions": {
        "2024-2-13": 36,
        "2024-2-20": 96,
        "2024-2-27": 90,
        "2024-3-12": 34,
        "2024-3-19": 49,
        "2024-3-26": 33,
        "2024-3-5": 90,
        "2024-4-2": 35
    },
    "normal_price": "$29.99",
    "discount_price": "$0"
}