{
    "position": 119,
    "name": "dayz",
    "genre_list": [
        "Survival",
        "Online Co-Op",
        "Open World",
        "Multiplayer"
    ],
    "publisher": "Bohemia Interactive",
    "developer": "Bohemia Interactive",
    "prices": [
        "$44.99",
        "$0"
    ],
    "discount_percent": "0%",
    "weekly_positions": {
        "2024-2-13": 54,
        "2024-2-20": 77,
        "2024-3-12": 91,
        "2024-4-16": 75
    },
    "normal_price": "$44.99",
    "discount_price": "$0"
}